{"test_metric": 0.3420487666795772, "_timestamp": 1704707474.8145437, "_runtime": 2.1706998348236084, "_step": 99, "_wandb": {"runtime": 0}}