{"loss": 109.34655002804153, "_timestamp": 1704709954.063375, "_runtime": 209.93602204322815, "_step": 4, "_wandb": {"runtime": 209}}